Team,Last Name 1,First Name 1,Email 1,Last Name 2,First Name 2,Email 2,Region,State,Club,Wins,Losses,Speaks
Ash/Gloriana,Ash,Kaitlyn,AshKaitlyn@sharklasers.com,Gloriana,Jeanette,GlorianaJeanette@sharklasers.com,,,,,,
Adella/Alvena,Adella,Aleah,AdellaAleah@sharklasers.com,Alvena,Ridley,AlvenaRidley@sharklasers.com,,,,,,
Aubery/Daryl,Daryl,Kester,DarylKester@sharklasers.com,Aubrey,Denny,AubreyDenny@sharklasers.com,,,,,,
August/Mairead,August,Elton,elijah.schow@gmail.com,Mairead,Wilt,MairedWilt@sharklasers.com,,,,,,
Hollie/Kelia,Hollie,Noel,HollieNoel@sharklasers.com,Kelia,Chelsey,KeliaChelsey@sharklasers.com,,,,,,
Harding/Shawnda,Harding,Sukie,HardingSukie@sharklasers.com,Shawnda,Shaw,ShawndaShaw@sharklasers.com,,,,,,
Christi/Dyan,Dyan,Kaley,mr.glasses.aux@gmail.com,Christi,Jazmin,ChristiJazmin@sharklasers.com,,,,,,
Bridger/Austen,Basil,Austen,sccheese4@gmail.com,Bridger,Lesly,BridgerLesly@sharklasers.com,,,,,,
